shape,format,macs,lat_ms,nominal,compute,pe
conv:3:1024:64,io=fp16,w=fp16,a=fp16,38654705664,10.732,397091846,182631570,5013504
conv:3:1024:64,io=fp16,w=int8,a=fp16,38654705664,5.007,184722105,12032301,1855664
conv:3:1024:64,io=fp16,w=uint8,a=fp16,38654705664,4.982,184250583,12111859,1855664
conv:3:1024:64,io=fp16,w=int4,a=fp16,38654705664,4.647,172129608,681744,921760
conv:3:1024:64,io=fp16,w=uint4,a=fp16,38654705664,4.756,172591979,1029700,921760
ERR,conv:3:1024:64,io=fp16,w=int8b32,a=fp16,run: ❌ ANE compilation failed: _ANECompiler : ANECCompile() FAILED
ERR,conv:3:1024:64,io=fp16,w=int4b32,a=fp16,run: ❌ ANE compilation failed: _ANECompiler : ANECCompile() FAILED
conv:3:1024:64,io=fp16,w=lut1,a=fp16,38654705664,4.835,172569981,196532,452640
conv:3:1024:64,io=fp16,w=lut2,a=fp16,38654705664,4.732,174019144,406505,741440
conv:3:1024:64,io=fp16,w=lut3,a=fp16,38654705664,4.664,172313896,598142,921680
conv:3:1024:64,io=fp16,w=lut4,a=fp16,38654705664,4.662,172762950,594888,921680
conv:3:1024:64,io=fp16,w=lut6,a=fp16,38654705664,4.720,174405479,2141243,1388800
conv:3:1024:64,io=fp16,w=lut8,a=fp16,38654705664,5.046,184685823,10560814,1856896
conv:3:1024:64,io=fp16,w=sp50,a=fp16,38654705664,6.265,231891457,3293039,3949088
conv:3:1024:64,io=fp16,w=sp75,a=fp16,38654705664,6.084,227112745,3554111,3949088
conv:3:1024:64,io=fp16,w=sp50lut4,a=fp16,38654705664,6.131,227439659,3621515,3949088
conv:3:1024:64,io=fp16,w=fp16,a=int8,38654705664,5.429,192981621,7180438,2240512
conv:3:1024:64,io=fp16,w=int8,a=int8,38654705664,2.981,110048437,5165851,1282208
conv:3:1024:64,io=fp16,w=int8,a=uint8,38654705664,3.088,113412904,5085171,1282208
conv:3:1024:64,io=fp16,w=int4,a=int8,38654705664,2.929,106341432,4947238,1073408
conv:3:1024:64,io=fp16,w=lut4,a=int8,38654705664,5.013,183196459,4845655,1073280
conv:3:1024:64,io=fp16,w=lut8,a=int8,38654705664,5.210,182896106,5383995,1283328
conv:3:1024:64,io=fp16,w=sp50,a=int8,38654705664,5.167,189933156,5963125,2259296
conv:3:1024:64,io=fp32,w=fp16,a=fp16,38654705664,11.642,430035695,199778155,9469952
ERR,conv:3:1024:64,io=fp32,w=fp16,a=fp16,prec=fp32,run: ❌ ANE compilation failed: _ANECompiler : ANECCompile() FAILED
conv:3:1024:64,io=fp16,w=fp16,a=fp16,prec=fp32,38654705664,10.644,398427723,182888708,5013504
conv:3:512:128,io=fp16,w=fp16,a=fp16,38654705664,5.279,191426240,17051486,1982464
conv:3:512:128,io=fp16,w=int8,a=fp16,38654705664,4.681,173256346,1176045,1138736
conv:3:512:128,io=fp16,w=uint8,a=fp16,38654705664,4.656,172116662,820217,1138736
conv:3:512:128,io=fp16,w=int4,a=fp16,38654705664,4.626,171458346,148109,845888
conv:3:512:128,io=fp16,w=uint4,a=fp16,38654705664,4.741,172786336,410750,845888
ERR,conv:3:512:128,io=fp16,w=int8b32,a=fp16,run: ❌ ANE compilation failed: _ANECompiler : ANECCompile() FAILED
ERR,conv:3:512:128,io=fp16,w=int4b32,a=fp16,run: ❌ ANE compilation failed: _ANECompiler : ANECCompile() FAILED
conv:3:512:128,io=fp16,w=lut1,a=fp16,38654705664,4.651,172245349,57918,549392
conv:3:512:128,io=fp16,w=lut2,a=fp16,38654705664,4.680,171550131,107347,554000
conv:3:512:128,io=fp16,w=lut3,a=fp16,38654705664,4.662,172168668,1395197,857324
conv:3:512:128,io=fp16,w=lut4,a=fp16,38654705664,4.822,171359617,130090,845856
conv:3:512:128,io=fp16,w=lut6,a=fp16,38654705664,4.948,172172040,173366,855104
conv:3:512:128,io=fp16,w=lut8,a=fp16,38654705664,4.673,172282574,774659,1139072
conv:3:512:128,io=fp16,w=sp50,a=fp16,38654705664,5.154,190907200,16590915,1987168
conv:3:512:128,io=fp16,w=sp75,a=fp16,38654705664,5.142,191369968,16950372,1987168
conv:3:512:128,io=fp16,w=sp50lut4,a=fp16,38654705664,5.174,190721746,16409609,1987168
conv:3:512:128,io=fp16,w=fp16,a=int8,38654705664,5.290,193900238,9721293,1656832
conv:3:512:128,io=fp16,w=int8,a=int8,38654705664,3.254,117425247,9730291,1486912
conv:3:512:128,io=fp16,w=int8,a=uint8,38654705664,3.286,117415848,9812439,1486912
conv:3:512:128,io=fp16,w=int4,a=int8,38654705664,3.183,117391668,9855392,1202240
conv:3:512:128,io=fp16,w=lut4,a=int8,38654705664,5.278,195029283,10179126,1202208
conv:3:512:128,io=fp16,w=lut8,a=int8,38654705664,5.311,194923660,9537853,1487360
conv:3:512:128,io=fp16,w=sp50,a=int8,38654705664,5.264,193152964,9787194,1794656
conv:3:512:128,io=fp32,w=fp16,a=fp16,38654705664,5.639,204387265,29969842,3853107
ERR,conv:3:512:128,io=fp32,w=fp16,a=fp16,prec=fp32,run: ❌ ANE compilation failed: _ANECompiler : ANECCompile() FAILED
conv:3:512:128,io=fp16,w=fp16,a=fp16,prec=fp32,38654705664,5.522,201252099,17673865,1982464
conv:1:1024:128,io=fp16,w=fp16,a=fp16,17179869184,2.512,91715236,6372293,1605632
conv:1:1024:128,io=fp16,w=int8,a=fp16,17179869184,2.510,91782121,6394080,1589296
conv:1:1024:128,io=fp16,w=uint8,a=fp16,17179869184,2.484,92437461,6981365,1589312
conv:1:1024:128,io=fp16,w=int4,a=fp16,17179869184,2.414,88639044,3775947,1056816
conv:1:1024:128,io=fp16,w=uint4,a=fp16,17179869184,2.393,88686337,4181738,1056832
ERR,conv:1:1024:128,io=fp16,w=int8b32,a=fp16,run: ❌ ANE compilation failed: _ANECompiler : ANECCompile() FAILED
ERR,conv:1:1024:128,io=fp16,w=int4b32,a=fp16,run: ❌ ANE compilation failed: _ANECompiler : ANECCompile() FAILED
conv:1:1024:128,io=fp16,w=lut1,a=fp16,17179869184,2.408,88532924,3655560,1050640
conv:1:1024:128,io=fp16,w=lut2,a=fp16,17179869184,2.445,89769576,3310932,1052688
conv:1:1024:128,io=fp16,w=lut3,a=fp16,17179869184,2.422,88799202,3838138,1056784
conv:1:1024:128,io=fp16,w=lut4,a=fp16,17179869184,2.422,88854332,3595930,1056784
conv:1:1024:128,io=fp16,w=lut6,a=fp16,17179869184,2.516,90078014,3768947,1060896
conv:1:1024:128,io=fp16,w=lut8,a=fp16,17179869184,2.453,92084508,7224916,1589504
conv:1:1024:128,io=fp16,w=sp50,a=fp16,17179869184,4.356,159869728,50970896,3180688
conv:1:1024:128,io=fp16,w=sp75,a=fp16,17179869184,4.317,160334951,51412178,3180688
conv:1:1024:128,io=fp16,w=sp50lut4,a=fp16,17179869184,4.394,162399576,53031853,3180688
conv:1:1024:128,io=fp16,w=fp16,a=int8,17179869184,3.499,128576840,20504427,2392064
conv:1:1024:128,io=fp16,w=int8,a=int8,17179869184,2.773,102891108,30831875,2375728
conv:1:1024:128,io=fp16,w=int8,a=uint8,17179869184,2.799,103294926,30496734,2375728
conv:1:1024:128,io=fp16,w=int4,a=int8,17179869184,2.189,80089566,26883139,1581104
conv:1:1024:128,io=fp16,w=lut4,a=int8,17179869184,3.420,111143928,24809367,1581072
conv:1:1024:128,io=fp16,w=lut8,a=int8,17179869184,3.534,128915632,21916819,2375936
conv:1:1024:128,io=fp16,w=sp50,a=int8,17179869184,3.947,146502751,34369334,2656304
conv:1:1024:128,io=fp32,w=fp16,a=fp16,17179869184,3.671,135123593,40331500,3178496
ERR,conv:1:1024:128,io=fp32,w=fp16,a=fp16,prec=fp32,run: ❌ ANE compilation failed: _ANECompiler : ANECCompile() FAILED
conv:1:1024:128,io=fp16,w=fp16,a=fp16,prec=fp32,17179869184,2.478,91491341,5904811,1605632
DONE
