mode,op,cin,cout,H,W,k,macs,lat_ms,nominal,compute,pe,int8cyc,fp16cyc,throttle,dma
fp16,conv,64,64,16,16,1,1048576,0.395,14679665,33320,2176,0,0,907,81538
fp16,conv,64,64,64,64,1,16777216,0.422,15745247,228239,16512,0,0,907,83338
fp16,conv,64,64,128,128,1,67108864,0.391,14970197,986055,65664,0,0,453,28531
fp16,conv,256,256,16,16,1,16777216,0.379,13874335,202011,10240,0,0,1008,4111
fp16,conv,256,256,64,64,1,268435456,0.405,15129339,221074,67584,0,0,849,77802
fp16,conv,256,256,128,128,1,1073741824,0.597,21985844,1654155,264192,0,0,849,39874
fp16,conv,512,512,16,16,1,67108864,0.375,13961730,506681,24576,0,0,936,1166
fp16,conv,512,512,64,64,1,1073741824,0.542,20130581,231479,139264,0,0,770,113244
fp16,conv,512,512,128,128,1,4294967296,0.960,31851904,371648,532480,0,0,1209,112110
fp16,conv,1024,1024,16,16,1,268435456,0.432,16240007,996830,65536,0,0,331,163223
fp16,conv,1024,1024,64,64,1,4294967296,1.032,33776905,1629887,425984,0,0,1209,200677
fp16,conv,1024,1024,128,128,1,17179869184,3.144,86834992,3582899,1605632,0,0,2700,184383
fp16,conv,64,64,16,16,3,9437184,0.394,14692660,63508,3200,0,0,770,57010
fp16,conv,64,64,64,64,3,150994944,0.392,15176335,43469,17536,0,0,1008,97213
fp16,conv,64,64,128,128,3,603979776,0.424,15785572,73031,66688,0,0,1058,46223
fp16,conv,256,256,16,16,3,150994944,0.394,14805996,158157,26624,0,0,374,296703
fp16,conv,256,256,64,64,3,2415919104,0.707,27305965,549070,117760,0,0,1317,47386
fp16,conv,256,256,128,128,3,9663676416,2.508,56065310,1827478,417792,0,0,1915,29740
fp16,conv,512,512,16,16,3,603979776,0.469,17503492,334793,90112,0,0,813,493056
fp16,conv,512,512,64,64,3,9663676416,2.314,53819248,1216753,544768,0,0,3636,6537
fp16,conv,512,512,128,128,3,38654705664,5.389,190257639,17275366,1982464,0,0,2253,4647
fp16,conv,1024,1024,16,16,3,2415919104,0.753,27173136,1354447,327680,0,0,1080,577063
fp16,conv,1024,1024,64,64,3,38654705664,10.705,394272855,180617383,5013504,0,0,3456,9715
fp16,conv,1024,1024,128,128,3,154618822656,42.241,1589585636,798157021,19431424,0,0,14088,577
fp16,dw,64,64,16,16,3,147456,0.424,15762210,67262,2080,0,0,964,57584
fp16,dw,64,64,64,64,3,2359296,0.397,14772516,546097,16416,0,0,367,30795
fp16,dw,64,64,128,128,3,9437184,0.375,13901218,1703315,65568,0,0,136,3405
fp16,dw,256,256,16,16,3,589824,0.379,13664428,257831,8272,0,0,403,27
fp16,dw,256,256,64,64,3,9437184,0.420,16838232,1404229,66640,0,0,993,85042
fp16,dw,256,256,128,128,3,37748736,0.599,22241260,6340647,268368,0,0,705,18332
fp16,dw,512,512,16,16,3,1179648,0.361,13485520,545133,16528,0,0,950,31
fp16,dw,512,512,64,64,3,18874368,0.495,18236655,2910484,135312,0,0,2152,815
fp16,dw,512,512,128,128,3,75497472,0.846,28233312,12700586,553104,0,0,1216,11
fp16,dw,1024,1024,16,16,3,2359296,0.420,15781752,1158616,33056,0,0,842,49481
fp16,dw,1024,1024,64,64,3,37748736,0.570,20915600,6118770,278816,0,0,957,101785
fp16,dw,1024,1024,128,128,3,150994944,1.514,42729110,26304251,1171744,0,0,1612,36072
w8,conv,64,64,16,16,1,1048576,0.402,15682528,51989,2128,0,0,1051,79588
w8,conv,64,64,64,64,1,16777216,0.397,14829680,200105,16464,0,0,892,3444
w8,conv,64,64,128,128,1,67108864,0.364,13479519,867847,65616,0,0,741,3219
w8,conv,256,256,16,16,1,16777216,0.402,15252719,141159,9232,0,0,3808,5188
w8,conv,256,256,64,64,1,268435456,0.409,15245948,488341,66576,0,0,648,40632
w8,conv,256,256,128,128,1,1073741824,0.586,21598568,1574159,263184,0,0,1101,45147
w8,conv,512,512,16,16,1,67108864,0.346,12874920,346229,20496,0,0,50,1369
w8,conv,512,512,64,64,1,1073741824,0.516,19118320,177533,135184,0,0,907,7848
w8,conv,512,512,128,128,1,4294967296,0.991,31861353,361132,528400,0,0,1260,5684
w8,conv,1024,1024,16,16,1,268435456,0.421,15658596,589445,49200,0,0,957,75967
w8,conv,1024,1024,64,64,1,4294967296,1.034,33340425,1465041,409648,0,0,1353,31011
w8,conv,1024,1024,128,128,1,17179869184,3.224,90179868,7287547,1589296,0,0,2181,40374
w8,conv,64,64,16,16,3,9437184,0.403,15017367,44036,2640,0,0,907,81361
w8,conv,64,64,64,64,3,150994944,0.398,15361740,32958,16976,0,0,698,105485
w8,conv,64,64,128,128,3,603979776,0.412,15409827,45395,66128,0,0,813,3498
w8,conv,256,256,16,16,3,150994944,0.380,13963491,149679,17424,0,0,1396,15452
w8,conv,256,256,64,64,3,2415919104,0.708,26716246,203862,75792,0,0,1346,52150
w8,conv,256,256,128,128,3,9663676416,2.155,52780451,193385,275472,0,0,2037,57177
w8,conv,512,512,16,16,3,603979776,0.417,15530900,207992,53296,0,0,280,15431
w8,conv,512,512,64,64,3,9663676416,2.120,53508827,408046,305200,0,0,5529,4813
w8,conv,512,512,128,128,3,38654705664,5.080,171298039,808155,1138736,0,0,2354,1559
w8,conv,1024,1024,16,16,3,2415919104,0.706,26133347,401478,180400,0,0,1087,14219
w8,conv,1024,1024,64,64,3,38654705664,4.862,182997240,10728632,1855664,0,0,2606,17707
w8,conv,1024,1024,128,128,3,154618822656,18.204,684832036,52567755,7069872,0,0,9172,18091
w8,dw,64,64,16,16,3,147456,0.404,15249892,56748,2064,0,0,950,92298
w8,dw,64,64,64,64,3,2359296,0.395,14699902,366884,16400,0,0,568,46107
w8,dw,64,64,128,128,3,9437184,0.391,14517572,1661974,65552,0,0,878,23119
w8,dw,256,256,16,16,3,589824,0.405,14440395,258826,8240,0,0,2131,41
w8,dw,256,256,64,64,3,9437184,0.414,15404817,1402489,66608,0,0,892,74608
w8,dw,256,256,128,128,3,37748736,0.587,21439327,6568061,268336,0,0,1137,23543
w8,dw,512,512,16,16,3,1179648,0.392,14639712,541406,16480,0,0,928,84986
w8,dw,512,512,64,64,3,18874368,0.469,17879510,2855469,135264,0,0,568,867
w8,dw,512,512,128,128,3,75497472,0.813,28371522,12777437,553056,0,0,1382,26710
w8,dw,1024,1024,16,16,3,2359296,0.411,15310081,1087279,32944,0,0,936,41
w8,dw,1024,1024,64,64,3,37748736,0.560,20851418,6084594,278704,0,0,1296,248
w8,dw,1024,1024,128,128,3,150994944,1.437,42874860,26611581,1171632,0,0,1699,34
a8w8,conv,64,64,16,16,1,1048576,0.404,15052707,121745,2128,0,0,964,2763
a8w8,conv,64,64,64,64,1,16777216,0.375,13966268,431783,16464,0,0,684,0
a8w8,conv,64,64,128,128,1,67108864,0.475,17731727,2444535,65616,0,0,1000,0
a8w8,conv,256,256,16,16,1,16777216,0.398,14823456,178438,9232,0,0,950,10
a8w8,conv,256,256,64,64,1,268435456,0.461,17599592,1775329,66576,0,0,907,31
a8w8,conv,256,256,128,128,1,1073741824,0.759,26919656,7941661,394256,0,0,3420,0
a8w8,conv,512,512,16,16,1,67108864,0.408,15421805,367537,20496,0,0,849,6176
a8w8,conv,512,512,64,64,1,1073741824,0.616,23544748,3483669,200720,0,0,1094,0
a8w8,conv,512,512,128,128,1,4294967296,1.128,40809044,14377691,790544,0,0,1440,0
a8w8,conv,1024,1024,16,16,1,268435456,0.442,16169426,803633,49184,0,0,2448,26536
a8w8,conv,1024,1024,64,64,1,4294967296,1.079,34892062,6458559,606256,0,0,1317,280
a8w8,conv,1024,1024,128,128,1,17179869184,3.095,99235637,27725353,2375728,0,0,2354,279
a8w8,conv,64,64,16,16,3,9437184,0.364,13595905,104121,2640,0,0,698,489
a8w8,conv,64,64,64,64,3,150994944,0.414,14542100,300416,16976,0,0,4075,0
a8w8,conv,64,64,128,128,3,603979776,0.466,17832092,1333707,66128,0,0,1008,89
a8w8,conv,256,256,16,16,3,150994944,0.400,14852769,208441,17424,0,0,547,29785
a8w8,conv,256,256,64,64,3,2415919104,0.557,20687763,1232681,74768,0,0,820,13352
a8w8,conv,256,256,128,128,3,9663676416,1.174,39446036,4774217,404496,0,0,4320,1162
a8w8,conv,512,512,16,16,3,603979776,0.439,16362246,440533,53264,0,0,885,117844
a8w8,conv,512,512,64,64,3,9663676416,1.099,41332771,2576309,397376,0,0,1339,862
a8w8,conv,512,512,128,128,3,38654705664,3.162,118112628,10001108,1486912,0,0,2145,908
a8w8,conv,1024,1024,16,16,3,2415919104,0.565,21030052,963387,180256,0,0,669,375114
a8w8,conv,1024,1024,64,64,3,38654705664,3.249,111466600,5204442,1282208,0,0,2476,25439
a8w8,conv,1024,1024,128,128,3,154618822656,10.188,383871412,19268979,4726944,0,0,4341,94965
a8w8,dw,64,64,16,16,3,147456,0.377,14033724,110787,2064,0,0,561,1406
a8w8,dw,64,64,64,64,3,2359296,0.397,14113903,393918,16400,0,0,3283,0
a8w8,dw,64,64,128,128,3,9437184,0.464,17490150,1644966,65552,0,0,936,0
a8w8,dw,256,256,16,16,3,589824,0.412,15343710,199343,8240,0,0,921,0
a8w8,dw,256,256,64,64,3,9437184,0.450,16785458,1814002,65584,0,0,734,0
a8w8,dw,256,256,128,128,3,37748736,0.745,27339197,6875950,395312,0,0,1144,0
a8w8,dw,512,512,16,16,3,1179648,0.406,15072745,441807,16480,0,0,950,0
a8w8,dw,512,512,64,64,3,18874368,0.610,23681768,3432365,199776,0,0,1080,0
a8w8,dw,512,512,128,128,3,75497472,1.111,41303556,13728058,800864,0,0,1360,0
a8w8,dw,1024,1024,16,16,3,2359296,0.409,14932749,714905,32944,0,0,1533,0
a8w8,dw,1024,1024,64,64,3,37748736,0.874,29769424,9509701,405680,0,0,1267,41181
a8w8,dw,1024,1024,128,128,3,150994944,2.849,71249854,35735284,1630384,0,0,2001,41824
DONE
