label,ch,sp,macs,lat_ms,nominal,compute,throttle,in_stall,out_stall,kern_stall,dma,pe,pe_in_stall
A,512,256,67108864,0.412,15065702,384295,820,0,33487,125,709365,24576,16384
A,512,512,134217728,0.409,15213684,589945,1008,0,25830,97,713857,40960,24576
A,512,1024,268435456,0.366,13617357,853371,28,0,8250,173,638313,73728,40960
A,512,2048,536870912,0.702,18534875,3012733,1116,0,6568,136,895667,139264,73728
A,512,4096,1073741824,0.633,23326458,2907618,1159,0,8531,2813,1095983,270336,139264
A,512,8192,2147483648,0.855,29157062,5090159,1238,0,5787,68,1375220,532480,270336
A,512,16384,4294967296,1.335,41727339,9549518,1807,0,4880,376,1978147,1056768,532480
B,32,4096,4194304,0.542,14727653,370999,864,0,67744,46,709507,16416,8224
B,64,4096,16777216,0.393,14567420,513839,554,0,42940,29,683283,32896,16512
B,128,4096,67108864,0.393,14799871,962776,1036,0,94856,55,694426,66048,33280
B,256,4096,268435456,0.491,19559065,1552498,1152,0,6763,60,917885,133120,67584
B,384,4096,603979776,0.521,19274163,2000909,907,0,27431,48,905392,201216,102912
B,768,4096,2415919104,1.796,29215392,5963091,1821,0,2578,106,1467681,608256,411648
B,1024,4096,4294967296,1.503,41251551,8242239,1562,0,7185,2104,1975270,819200,557056
B,2048,4096,17179869184,5.081,175018981,76148025,2455,0,11184,1894,8259613,4849664,4325376
R,1024,4096,4294967296,1.652,39940896,7088003,1432,0,13670,5415,1934599,819200,557056
R,2048,4096,17179869184,4.855,169592617,71076269,2944,0,15171,3040,7995644,4849664,4325376
R,1024,4096,4294967296,1.342,43278728,9309848,1533,0,15019,1344,2048999,819200,557056
R,2048,4096,17179869184,4.862,167952122,69325952,3103,0,8790,3470,7921411,4849664,4325376
R,1024,4096,4294967296,1.565,41696314,8086988,1605,0,10445,1041,2001997,819200,557056
R,2048,4096,17179869184,5.004,175236403,75081091,2685,0,19718,1952,8261230,4849664,4325376
C,4096,2048,34359738368,18.486,696364904,473381096,3513,496,11036,1361,32711438,17825792,17301504
C,2048,8192,34359738368,9.106,343582572,155429962,5054,0,3601,2935,16133832,9568256,8519680
C,3072,4096,38654705664,19.674,737636766,489921258,5371,396,102863,3039,34648622,19955712,19169280
